Name, Events, Parent, Total[%]
All Events, 100000, 0, 100
  FSC-BSC, 99602, 99.602, 99.602
    Bin1, 1161, 1.16563924419188, 1.161
    Bin2, 4323, 4.34027429168089, 4.323
    Bin3, 19273, 19.3500130519467, 19.273
    Bin4, 44905, 45.0844360555009, 44.905
    Bin5, 14540, 14.5981004397502, 14.54
    Bin6, 5158, 5.17861087126764, 5.158
    Bin7, 5021, 5.0410634324612, 5.021
    Bin8, 957, 0.960824079837754, 0.957
